word,translate
и,and
в,in; at; into; to; for; on; within
не,not
он,he; it (masculine inanimate nouns)
на,"on (place); on (day/week); on (transport means); to; onto, upon; at"
я,I
что,what
с,"with; from; since; off, remove from"
а,"and; but, yet; oh, ah, oh well"
это,this is; that is; it
она,"she, it, he, she, it, he, she"
по,"along, down; on the subject of; by the means of; hit or punch somewhere; after a age"
но,but
они,they
к,"towards, to; visit someone"
у,"(possession); by, at (place); with; from (take, borrow)"
из,from; out of
мы,we
за,"behind; at (location); at (direction); for (in support of); for (mistake for); for (reason); for (duration); following after, chasing after; over (a certain age); beyond, on the far side of; out of (location)"
ты,you
вы,you (plural); you (formal)
так,"so, thus, like this, this way, then"
же,"and, as for, but"
от,"from (away); from (part of a whole); from (cause); from (distance); from (someone); from (range); for, against a purpose"
о,about; of; on; against
один,"one, 1; alone"
ещё,"still, yet, as far back as, as long ago as, only, some more"
бы,would
только,"only; just, simply"
себя,"ourselves, yourselves, himself, herself, itself, yourself, myself, themselves"
для,for
уже,"already, by this time, by now, now, no longer"
когда,"when, while, as"
кто,who
вот,"there, here, there is"
да,yes
если,if
до,to (direction); to (distance); before; until; up to (limit)
или,or
нет,no; not
ни,neither; no
даже,even
под,"under; below; underneath; to go down/below; to go/put under something; (impression, affection)"
где,where
чтобы,so that; in order to
ну,well
два,"two, 2"
чём,Prepositional of 'что'; than; how
там,"there, later, by and by"
ничто,"nothing, nought"
потом,"afterwards, then, later on, later"
очень,"very, very much, greatly"
ли,"whether, if"
при,at; in the presence of; in the time of; with; (circumstantial)
надо,it is necessary; need
без,without; to (time)
теперь,"now, nowadays, today"
сейчас,now; soon; at once
тоже,"also, as well, too"
после,"after, afterwards, later"
можно,"one can, it is possible; may I, can I"
через,"across, over; through; through, using; in (time) (no more than)"
здесь,"here, with us, in this country, about it, in it, at this point"
тогда,then
ведь,you know; after all; even
почему,why
потому,because
просто,"it is simple, it is easy, simply; just, just only, only"
об,"about, concerning"
вдруг,"suddenly, all of a sudden"
никто,"nobody, no one"
перед,in front of +instrumental case
над,"above, over"
конечно,certainly; of course
три,"three, 3"
несколько,"some, a few"
пока,bye (informal); while
более,more
хорошо,"it is good, it is pleasant, well, good"
хотя,"though, although, even though"
всегда,always
куда,wherever
сразу,immediately
совсем,completely; at all
почти,"almost, nearly"
снова,again
между,between
много,"a lot of, many"
лишь,"only, as soon as"
опять,again
однако,"however, though, but"
про,"about, for"
никогда,"never, ever"
будто,"as if, as though"
именно,"exactly, namely, to wit, that is, just"
вообще,"in general, generally, on the whole, always"
сегодня,today
вместе,together
таки,"indeed, after all"
чуть,nearly; a little
сколько,"how much, how many"
хоть,"though, even; you may, might as well"
зачем,"what for, why"
словно,"as if, like"
наконец,finally
назад,"ago; back, backwards"
быстро,"fast, quickly, rapidly, with speed"
давно,"long ago, for a long time"
прямо,"straight, frankly, openly, bluntly, real, really, exactly, downright"
долго,a long time
нельзя,can't
оно,"it, he, she"
кроме,"except, besides"
ж,then
совершенно,totally
поэтому,"so, therefore, that is why"
точно,exact
среди,"among, amongst, amidst, in the middle"
также,"also, as well, too, either"
ко,"to, towards; by, for"
вокруг,around
иногда,"sometimes, at times"
затем,"then, after that, thereupon, upon which, subsequently, for that reason"
оба,both
откуда,from where
четыре,"four, 4"
особенно,"especially, particularly, unusually, more than usual"
вроде,sort of
например,"for example, for instance"
туда,there
действительно,"really, actually"
мало,"little, few, not enough"
равно,"is indifferent, alike, in like manner, nor; equally"
сюда,here
слишком,too (much)
чтоб,to
десять,"ten, 10"
двадцать,twenty
видно,"evidently, obviously, apparently, probably, one can see"
против,"against, opposite, facing, contrary to, to, as against"
немного,"a little, some, somewhat, slightly"
разве,"perhaps, unless; indeed, really"
впрочем,however
тихо,"quietly, it is calm, it is quiet, softly, gently, faintly, silently; calmly, peacefully, slowly"
наверное,Probably; Maybe
либо,or
домой,"homeward, to ones home"
ладно,"well, all right, okay"
часто,"often, frequently; closely together, thickly"
сначала,"firstly, at first, all over again, afresh"
вперёд,"forward, ahead, in the future, henceforward, henceforth, in advance; to the front"
вполне,"quite, fully, entirely, completely"
никак,in no way
едва,"hardly, only just, scarcely, just, barely"
возле,"near, beside, by"
довольно,"quite, rather, pretty, fairly"
медленно,slowly
ясно,"clearly, evidently, clear"
вчера,yesterday
далеко,"far, it is far, it is a long way, far off, a long way off, a great distance away"
около,"by, near, around, about"
завтра,tomorrow
плохо,it is bad
обычно,"usually, generally, commonly, as a rule"
иначе,otherwise; differently
скоро,"quickly, fast, soon"
прежде,"before, first, formerly, in former times"
однажды,one day
сквозь,through
мимо,"past, by"
возможно,"it is possible, it may be, it is not unlikely, possibly, perhaps"
кстати,"by the way, incidentally, besides, in fact"
вместо,instead of
трудно,difficult
менее,less
легко,"easy, easily, lightly, slightly"
сто,hundred
вниз,"down, downwards"
вовсе,"At all, quite"
двое,two
спокойно,"quietly, calmly"
достаточно,"it is enough, sufficiently, enough"
столько,"so much, so many"
молча,"silently, tacitly, without a word"
видимо,"apparently, evidently"
сорок,forty
поскольку,"since, inasmuch as, as"
шесть,"six, 6"
неожиданно,"unexpectedly, suddenly"
вон,"out, there, over there"
спасибо,"thanks, thank you"
впервые,"for the first time, first"
сильно,"strongly, violently, heavily, greatly, badly, vastly"
вновь,"again, afresh, anew"
впереди,"in front, ahead, before, in front of"
пожалуйста,please; you are welcome; here you go
нечего,nothing
зато,"but, but then, but on the other hand, for it, in return"
весьма,"extremely / very, highly, greatly"
ибо,for
правильно,"right, rightly; correctly, regularly; properly"
интересно,"it is interesting, interestingly"
невозможно,"it is impossible, impossibly"
столь,so
причём,"Moreover, in addition, and, at that, with; How is that relevant"
недавно,recently
обратно,"back, backwards, conversely, inversely"
неужели,"really, actually"
осторожно,"carefully, cautiously, guardedly, warily, gingerly"
ради,for the sake of
слегка,"somewhat, slightly, gently"
вскоре,"soon, shortly after, before long"
вверх,"up, upwards, upstream"
семь,"seven, 7"
обязательно,"necessarily, without fail"
понятно,"it is clear, naturally, of course, clearly, plainly, forcibly, perspicuously"
страшно,"it is terrible, scary, terribly, awfully, frightfully"
странно,"it is strange, in a strange way, strangely"
несмотря,"despite, in spite of"
отсюда,"from here, hence"
явно,"evidently, obviously, manifestly, patently"
оттуда,from there
наверно,"probably, most likely, for sure, certainly, for a certainty"
немедленно,"immediately, at once"
резко,"sharply, drastically; abruptly, suddenly, quickly"
трое,three of ...
вдоль,along
одновременно,at the same time
естественно,"naturally, of course"
верно,"rightly, correctly; probably, likely"
восемь,"eight, 8"
наоборот,"inside out, back to front, the wrong way, on the contrary"
гораздо,"much, far, by far"
громко,"loud, aloud"
поздно,"it is late, late"
пятьдесят,fifty
полностью,"completely, utterly, in full"
вероятно,very likely
наиболее,most
ой,Oh
внутри,"inside, within"
тяжело,hardly
постепенно,"gradually, little by little, by degrees"
собственно,actually; truely; honestly
насчёт,"as regards, concerning, about, of"
внимательно,"attentively, carefully, intently"
вслед,"following, after"
примерно,"around; approximately, roughly"
случайно,"by chance, by accident, accidentally, by any chance"
нечто,something
весело,"funny; happily, cheerfully"
постоянно,"constantly, continually, always"
настолько,"so, thus"
прекрасно,"excellently, perfectly well"
сверху,"from above, from top, on top"
навстречу,"towards, approaching"
господи,"lord, oh my God"
далее,"further, later, then"
полтора,one and a half
внизу,"below, underneath, downstairs, at the foot, at the bottom"
важно,"it is important, with an air of importance, with a consequential air, grandly"
внезапно,"suddenly, all of a sudden"
напротив,"opposite, on the contrary"
зря,"to no purpose, for nothing"
жалко,pitifully
практически,almost
сзади,"from behind, from the rear, behind"
честно,"honestly, fairly, frankly"
итак,"thus, so"
больно,"it is painful, badly, hard, very, mighty, a bit too"
очевидно,"obviously, apparently, manifestly, evidently"
рано,"it is early, it is too early, early"
строго,"strictly, severely"
ниже,"lower, below"
наверняка,for sure
приятно,"it is pleasant, it is nice, pleasantly, agreeably"
серьёзно,"seriously, earnestly, in earnest"
вряд,unlikely
навсегда,"for ever, for good"
тотчас,"immediately, at once, instantly"
спустя,"after, later"
обо,about (used only with first person prepositional case pronoun)
крепко,tightly
отчего,why
никуда,nowhere
абсолютно,"absolutely, perfectly, utterly"
нету,"there is no, there are no"
решительно,"resolutely, decidedly, positively, absolutely"
близко,"near, close by, nearly"
окончательно,"finally, once and for all"
редко,rarely
темно,it is dark
слышно,"one can hear, they say, it is said, it is rumoured, audibly"
еле,"hardly, only just, scarcely, barely"
ох,oh
здорово,"magnificently, splendidly, superbly, healthily, soundly, wholesomely, fine"
буквально,"literally, word for word"
кругом,"round, around, all round, entirely"
чисто,"it is clean, cleanly, neatly, purely, merely"
полчаса,half an hour
двенадцать,twelve
оттого,that is why
ровно,"equally, sharp, exactly, smoothly, absolutely, regularly, evenly"
мгновенно,"instantly, in a trice, in a moment"
глубоко,"it is deep, deep, deeply, profoundly"
девять,"nine, 9"
твёрдо,"firmly, firm"
насколько,"how much, as far as, so far as; to what degree"
заранее,"beforehand, in good time"
сперва,"at first, firstly"
широко,"wide, widely, broadly"
изо,from; out of
таков,such
специально,"intentionally, on purpose; specially, especially"
благодаря,"thanks to, owing to, because of"
эй,"hey, hi"
позади,behind
отлично,excellently
слева,to the left
везде,everywhere
тщательно,"carefully, thoroughly, closely"
путём,"by means of, by dint of, properly"
боже,my god; god
согласно,according to
некогда,"there is no time, once, in former times, in the old days"
неплохо,"not bad, rather well, quite good"
радостно,"With joy, happily"
заметно,"it is noticeable, one can see, noticeably, appreciably"
немало,"quite a lot, much, quite a few, many, quite a number of, a good many, a great deal"
холодно,"it is cold, coldly"
ха,ha
непонятно,"it is incomprehensible, it is impossible to understand, incomprehensibly"
непременно,"without fail, certainly"
высоко,"high, high up, it is high"
нигде,nowhere
мягко,"softly, mildly, gently"
задумчиво,pensively
коротко,"briefly, in brief, intimately; short"
исключительно,"exceptionally, exclusively, solely"
вечно,forever
аккуратно,"neatly; carefully, regularly"
незаметно,"it does not show, it does not look as if, imperceptibly"
особо,really
смешно,"funny, it is ridiculous, it makes one laugh, comically"
каков,what
якобы,as if /as though / supposedly
увы,alas
удивительно,"wonderfully, astonishingly, surprisingly, very, extremely, admirably, marvellously"
вслух,aloud
значительно,"considerably, significantly"
ужасно,"terribly, horribly, awfully, frightfully"
невольно,"involuntarily, automatically, unintentionally, unwittingly"
ныне,"now, at present"
вовремя,on time
ярко,"brightly, strikingly, brilliantly, vividly"
посреди,in the middle
снизу,"from below, from bottom, below, on the initiative of the masses"
меж,"betwixt, between"
немножко,"a little, a trifle, a bit"
дважды,twice
вне,"out of, outside"
др,birthday
нынче,nowadays
относительно,"relatively, concerning, relative to, about"
крайне,extremely
охотно,"willingly, readily, gladly"
внутрь,"inside, inwards, in"
недалеко,"it is not far, not far"
негромко,"quietly, softly"
накануне,"the day before, on the eve"
чрезвычайно,"extraordinarily, extremely, utterly"
замуж,marry
срочно,"quickly, urgently"
четверо,four
помимо,"besides, apart from"
грустно,"it is sad, sadly, sorrowfully"
нормально,normally
вежливо,"politely, courteously"
неловко,"embarrassing, uncomfortably, awkwardly"
наверх,"up, upward, upstairs, to the top"
сидя,sitting
шестьдесят,sixty
всерьёз,"seriously, in earnest"
впоследствии,"afterwards, later, later on, subsequently"
отнюдь,"by no means, not at all"
неподалёку,not far away
ласково,affectionately; sweetly
сердито,angrily
вдвоём,two
триста,three hundred
поначалу,"at first, firstly, in the beginning"
отчетливо,"clearly, vividly"
прочь,"away, off"
тихонько,"quietly, softly, gently, slowly, on the sly"
некуда,nowhere
поспешно,"in a hurry, hurriedly, hastily"
напрасно,"in vain, for nothing, uselessly, to no purpose"
стоя,upright
красиво,beautifully
несомненно,"undoubtedly, doubtless, beyond all question, without question"
изредка,"now and then, from time to time, occasionally"
включая,"including, included"
ранее,before
глупо,"it is foolish, it is stupid, it is silly, foolishly, stupidly"
небось,most likely
испуганно,"scared, startled, terrified"
жарко,"it is hot, hotly"
уверенно,"confidently, with confidence"
чётко,"clearly, accurately"
удивленно,"surprisingly, astonishingly"
надолго,for a long time
скучно,"boringly, tediously"
фактически,"practically, actually, in fact, virtually"
следовательно,"consequently, therefore, hence"
искренне,sincerely
издали,from a distance
мысленно,mentally
дескать,they say
нередко,"not infrequently, quite often"
подобно,like
семьдесят,seventy
военно,militarily
всюду,everywhere
наружу,outside
свободно,freely; easily
недолго,not long
непосредственно,"immediately, directly"
нехорошо,"it is bad, it is wrong, badly"
нарочно,on purpose
плотно,"close, tightly"
вначале,"at first, in the beginning"
растерянно,perplexedly
неприятно,"it is unpleasant, unpleasantly"
пешком,"on foot, afoot"
неудобно,"it is inconvenient, uncomfortably"
безусловно,"undoubtedly, absolutely, unconditionally, there is no doubt that, of course, certainly"
соответственно,"accordingly, correspondingly, conformably, according to"
стремительно,Swiftly
обидно,"it is a pity, offensively"
откровенно,"frankly, candidly, openly"
поверх,over
неподвижно,"motionless, fast"
некого,there is nobody one can
направо,to the right
налево,"to the left, on the side"
ежели,if
сего,this
опасно,"dangerously, perilously"
светло,"it is light, brightly"
отдельно,separately
подробно,"in detail, at length, minutely"
грубо,"roughly, coarsely, rudely, crudely"
небрежно,"casually, carelessly, negligently"
нисколько,"not at all, not in the least, none at all"
торжественно,solemnly
заодно,at the same time
пошло,vulgarly
благополучно,"all right, well, happily"
густо,"thickly, densely"
печально,"sadly, regrettably, unfortunately"
научно,scientifically
нежно,"tenderly, delicately"
лениво,"lazily, idly"
открыто,"open, opened, openly, plainly"
ежедневно,"daily, every day"
успешно,"successfully, well"
потихоньку,"slowly, noiselessly, silently, on the sly, secretly, by stealth"
полно,"fully; brim-full, full to the brim"
пристально,"fixedly, intently"
мрачно,"grim, dark, bleak"
сбоку,"from one side, on one side, at the side"
поди,"I should not wonder, I dare say, just try"
официально,officially
сухо,"it is dry, drily, coldly"
равнодушно,"with indifference, indifferently"
горько,bitterly
целиком,"whole, wholly, entirely"
бесплатно,"free of charge, gratis"
мирно,"peacefully, in harmony"
нервно,nervously
отчаянно,"desperately, awfully"
низко,"low, basely, meanly, despicably"
терпеливо,"patiently, with patience"
вдали,"in the distance, at a distance, far off"
глухо,"deafly; dully, vaguely, in a muffled way (sound); out-of-the-way, remotely (place)"
пусто,be empty
поперёк,across
восемьдесят,eighty
бесшумно,"quietly, silently, noiselessly"
вплоть,"up to, right up to, down to"
шестнадцать,sixteen
повсюду,"everywhere, far and wide"
дружно,"in a friendly manner, in friendly fashion, amicably, simultaneously, together, rapidly"
изнутри,"from within, on the inside"
одинаково,equally
насквозь,"through, throughout"
жадно,"greedily, avidly"
неважно,"it is unimportant, never mind, not very well, poorly, indifferently"
недостаточно,"it is insufficient, it is not enough, insufficiently"
гордо,proudly
упорно,persistently
вправо,to the right
попросту,"simply, without ceremony"
устало,tiredly
тесно,"tightly, narrowly, closely"
вправду,"really, really and truly"
издалёка,"from far away, from afar"
дорого,"expensive, dear, dearly"
впрямь,"really, indeed"
ничуть,not a bit
шумно,noisily
людской,human
вплотную,"close, in real earnest"
активно,actively
влево,to the left
стоп,stop
боковой,lateral
ура,hurrah
снаружи,outside
смело,"boldly, bravely, fearlessly"
удобно,"it is convenient, it suits, it is proper, comfortably"
самостоятельно,"independently, without assistance"
туго,"tight, with difficulty, slowly"
виновато,guiltily
вопреки,"in spite of, despite, notwithstanding, against, in defiance of, regardless of, in the teeth of, contrary to"
сравнительно,comparatively
живо,"vividly, strikingly, keenly, with animation, quick, promptly"
северо,North
пятьсот,five hundred
пополам,"in two, half-and-half"
насмешливо,derisively
восемнадцать,eighteen
мучительно,"painfully, agonizingly, excruciatingly"
недаром,"not for nothing, not without reason, not without purpose"
противно,"II, against"
тревожно,"anxious, uneasy, troubled, perturbed, worried, disturbed, disturbing"
бесконечно,"infinitely, extremely, endlessly, without end"
трижды,"three times, thrice"
пятеро,five
горячо,"hotly, with heat, warmly, with warmth"
внешне,"outwardly, in outward appearance"
круто,super cool
невероятно,"it is incredible, it is inconceivable, it is beyond belief, incredibly, inconceivably"
независимо,independently
вполголоса,"in an undertone, in a low voice"
категорически,"categorically, flatly"
недовольно,"unhappy, displeased"
бессмысленно,"senselessly, foolishly"
автоматически,"automatically, independently"
подозрительно,"it is suspicious, suspiciously, with suspicion"
вяло,"limply, listlessly, inertly"
чересчур,"too; way over, too much"
наполовину,half
отныне,"henceforth, henceforward, from now on"
удачно,"successfully, well"
смущенно,embarrassingly
семнадцать,seventeen
запросто,"unceremoniously, without ceremony"
бесполезно,"it is useless, it is no good, it is of no use, uselessly"
остро,"sharp, keenly"
поблизости,"near at hand, hereabout, close by"
судорожно,spasmodically
справедливо,"fair, right, correct"
плавно,smooth
бережно,"with care, cautiously, solicitously, with solicitude"
любопытно,it is interesting
скромно,modestly
яростно,furiously
рф,Russian Federation
нежели,than
девяносто,ninety
вблизи,"close by, nearby"
покорно,"humbly, submissively, obediently"
черно,black (short form)
сплошь,"completely, entirely, everywhere, nothing but"
регулярно,regularly
вследствие,"as a result of, owing to, on account of, in consequence of"
намного,way more
втроём,three
предварительно,"beforehand, preliminarily, as a preliminary"
сладко,"it is sweet, sweetly"
ненадолго,"for a short while, not for long"
смутно,"vaguely, dimly"
четырнадцать,fourteen
мвд,Ministry of Internal Affairs (Russia)
неоднократно,"repeatedly, time and again, more than once"
счастливо,happily
замечательно,"it is remarkable, it is wonderful, remarkably, wonderfully, out of the ordinary"
отчасти,"partly, rather"
вдобавок,"in addition, to boot, moreover, into the bargain, on top of everything, as well"
сложно,"it is complicated, it is difficult, in a complicated manner"
угрюмо,sullenly
некто,someone
свыше,"from above, from heaven, over, beyond"
преимущественно,"mainly, chiefly"
нелегко,difficult
неизменно,invariable
рассеянно,absentmindedly
вдвое,"twice, half, in half"
реально,"really, truly"
понемногу,"little, a little at a time, little by little"
поистине,"indeed, in truth"
неизбежно,"it is inevitable, inevitably, of necessity"
нехотя,"unwillingly, reluctantly, inadvertently"
вовсю,"fully, completely"
ого,wow
бодро,"cheerfully, briskly"
социально,socially
сурово,"severely, sternly"
единственно,"only, solely"
беззвучно,silently
прочно,"solidly, firmly, well"
мелко,"fine, not deep"
хрипло,coarsley; gruffly; hoarsley
жёстко,"it is hard, hard"
добровольно,voluntarily
грозно,"threateningly, menacingly, sternly"
нелепо,"it is absurd, absurdly"
непрерывно,"uninterruptedly, continuously"
тайно,"secretly, in secret, in an underhand way"
послезавтра,the day after tomorrow
заново,"over again, from the start"
шибко,"much, smartly, quickly, hard"
зачастую,"often, frequently"
посередине,"in the middle, half way along"
неохотно,"unwillingly, with reluctance, reluctantly"
сколь,how
изрядно,"fairly, pretty well"
приблизительно,"approximately, roughly"
тринадцать,thirteen
начисто,"clean, fair, decidedly, completely, openly"
ми,"E, mi"
частично,"in part, partially"
прилично,"decently, properly, becomingly, decorously, quite well"
конкретно,specifically
тоскливо,"drearily, sadly, dully"
мельком,"in passing, cursorily"
жестоко,"cruelly, nastily, viciously"
тупо,"dully, stupidly, with a stupid air"
негде,"there is nowhere, there is no place"
наутро,"the next morning, on the morrow"
взамен,"instead of, in return for, in exchange for"
жутко,eerily; creepily
частенько,"quite frequently, fairly often"
всячески,"in every way possible, in every possible way"
смертельно,mortally
наизусть,"by heart, by rote"
посредством,"by means of, by the use of, through"
гм,ahem
подле,"by the side of, by side"
наедине,"in private, privately, tete-a-tete, a deux"
человечески,"humanely, courteously"
намерен,intending
этак,"so, in this manner, thus"
напоследок,"in the end, in conclusion, after all"
подолгу,"long, for hours, days, months"
суждено,"destined, bound, meant to"
сознательно,"consciously, conscientiously, deliberately"
моментально,"instantly, in a moment"
мемуар,memoire
определённо,definitely
полезно,"it is useful, it is healthy, it is wholesome"
уныло,"despondently, dolefully, dejectedly"
недоверчиво,"with distrust, distrustfully, mistrustfully"
притом,besides
злобно,angrily
одиноко,lonely
сдержанно,"with restraint, with discretion, with reserve"
существенно,"significantly, remarkably"
позавчера,the day before yesterday
ввиду,in view; owing to
основательно,thoroughly
покуда,as long as
маленько,"a little, a bit"
тонко,"thinly, subtly"
четыреста,four hundred
внутренне,inwardly
тускло,"dimly, wanly"
безразлично,"it does not matter, with indifference"
предельно,completely; extremely
близ,"near, close to"
щедро,generously
кверху,"up, upwards"
обиженно,resentful
легонько,"slightly, gently"
хорошенько,"thoroughly, properly, well and truly"
теоретически,"in theory, theoretically"
незачем,"no need, it is useless"
приветливо,"friendly, welcoming"
вкусно,"it is tasty, delicious, palatable, savoury"
поодаль,"at some distance, aloof"
шестеро,six
принципиально,"on principle, in the main, in essence"
отрицательно,negatively
характерно,characteristically
смирно,quietly
умело,skilfully
набок,"on one side, awry, sideways"
уютно,"cosily, comfortably"
нечаянно,"by accident, accidentally, inadvertently"
мило,"nice, nicely, pretty, prettily"
незадолго,"shortly, not long"
тайком,"secretly, in secret, surreptitiously, by stealth, on the quiet, on the sly"
наподобие,"like, not unlike"
сочувственно,"with sympathy, sympathetically"
выгодно,"it is advantageous, it is profitable, it pays, advantageously"
великолепно,"splendidly; magnificently, stunningly"
добродушно,"with bonhomie, with friendliness, with cordiality"
истинно,"truly, really"
бесследно,without leaving a trace
душно,air stuffy
болезненно,"painfully, badly, oversensitively"
гладко,smoothly
сугубо,"especially, particularly"
страстно,"passionately, with passion"
подчас,"sometimes, at times"
вверху,"above, overhead"
славно,"it is nice, famously, well"
посредине,"Middle, in the middle; Halfway"
косо,"slantwise, obliquely, aslant, askew, asquint"
напрямую,Directly
насмерть,to die
безумно,"madly, awfully, frightfully"
настежь,wide
алло,hello on the phone
деликатно,delicately
надобно,necessary
назло,to spite
задолго,"long before, well in advance"
навеки,"for ever, for good, for ever and ever"
забавно,"it is fun, amusingly, in an amusing way"
восторженно,"enthusiastically, rapturously"
параллельно,"parallel, simultaneously, at the same time"
впредь,"henceforth, henceforward, in future, for the future, in the future, from this time onward"
обыкновенно,"usually, as a rule"
формально,"nominally, formally"
любезно,"kindly, courteously, politely, nicely"
достойно,"suitably, fittingly, with dignity"
враз,"all together, simultaneously"
босиком,barefoot
украдкой,"by stealth, stealthily, furtively"
публично,"publicly, in public, openly"
сверх,"over, besides, above, beyond"
су,sou
тщетно,"vainly, in vain"
ежегодно,"yearly, every year, annually"
воистину,"truly, in truth, indeed, verily"
вдаль,far
морально,morally
чуточку,"a little, a wee bit, just a bit"
достоверно,for certain for sure
поразительно,"amazing, astonishing"
условно,"on condition that, conditionally"
девятьсот,nine hundred
давеча,"lately, recently"
серо,grey; cloudily
назавтра,the next day
пронзительно,"shrilly, piercingly, stridently"
грязно,"it is dirty, dirtily, untidily"
вконец,"completely, utterly"
логично,"logical, logically"
шестьсот,six hundred
извне,from without
долой,"down with, away with"
периодически,periodically
одобрительно,"approvingly, with approval"
общественно,socially
искоса,"askance, aslant"
горестно,"sorrowfully, sadly"
хитро,"slyly, cunningly, intricately, with cunning, adroitly"
поневоле,willy-nilly
наугад,"at random, by guess-work"
наглухо,"tight, hermetically"
безуспешно,"to no effect, without success, unsuccessfully"
наперёд,in advance
кратко,briefly
посему,"Therefore, thence"
вредно,"harmful, hurtful; unhealthy"
семеро,seven
наскоро,"hastily, hurriedly, slapdash"
кабы,"If, if only"
отовсюду,"from everywhere, from every quarter"
многократно,"repeatedly, many times, over and over again"
поочерёдно,"in turn, by turns"
разумно,"reasonably, judiciously, wisely, cleverly, sensibly"
вдогонку,"after, in pursuit of"
превосходно,"perfectly; excellent, first-rate"
неуклюже,awkwardly
изначально,originally
восемьсот,eight hundred
оживлённо,"animatedly, with animation"
насильно,"by force, under compulsion"
средь,"amid, among"
беспокойно,uneasily
наяву,when one is awake
неверно,"it is not true, incorrectly"
втайне,"in secret, secretly"
властно,bossily; imperiously
последовательно,"constantly, consecutively"
семьсот,seven hundred
напрочь,without a trace
спешно,"in haste, hastily"
спереди,in front
вмиг,"in an instant, in a moment, in a flash, in a twinkling, in no time"
внятно,distinctly
беспрерывно,"continuously, uninterruptedly, without a break"
вдалеке,"in the distance, at a distance, far off"
дополнительно,in addition
прохладно,it is a little cold
невдалеке,not far off
гневно,"angrily, wrathfully"
неприлично,indecently
традиционно,traditionally
наготове,"at call, in readiness"
вдребезги,into smithereens
усердно,"hard, diligently"
невзначай,"by chance, quite unexpectedly"
нарочито,"deliberately, intentionally, expressly"
врасплох,"unawares, by surprise"
дурно,"badly, bad, ill"
искусственно,artificially
секретно,"secretly, covertly, in secret"
убеждённо,with conviction
непросто,not easy; no simple task; not directly accomplishable
скверно,badly
бесспорно,"there is no doubt, indisputably, unquestionably, undoubtedly, to be sure, assuredly, beyond question"
наспех,"in a hurry, carelessly, in a slapdash manner"
намертво,"tightly, fast"
взволнованно,"with emotion, with agitation"
вдоволь,"in plenty, in abundance"
рядышком,"near, nearby, alongside"
попутно,"in passing, incidentally, at the same time"
вторично,"a second time, for the second time"
заведомо,"wittingly, deliberately"
мимоходом,"in passing, by the way"
вбок,sideways
вглубь,"deep down, deep into"
равномерно,"evenly, uniformly"
доселе,"hitherto, up to now"
ничком,prone
некстати,"inopportunely, malapropos, irrelevantly, out of place, ineptly"
первоначально,originally
дёшево,"cheap, cheaply"
отвратительно,"disgustingly, abominably"
маловато,"not quite enough, barely sufficient"
поутру,in the morning
пятью,five times
положительно,"positively, absolutely"
своевременно,"in time, in proper time, opportunely"
наотрез,"flatly, point-blank"
помаленьку,"little by little, so-so"
бишь,now
чертовски,devilishly
слепо,"blindly, blindfold"
ненароком,"inadvertently, by accident"
напрямик,"straight, point-blank"
искусно,skilfully
нипочём,"never, not for the world, dirt-cheap"
протяжно,in a drawling manner
грузно,heavily
навечно,"for ever, for good, in perpetuity"
обстоятельно,"thoroughly, in detail"
поодиночке,"one at a time, one by one"
наперебой,"in eager rivalry, vying with each other"
впору,"just right, one might as well, one can do little more than"
незамедлительно,without delay
хладнокровно,"coolly, in cold blood"
вскользь,casually
загодя,in good time
уклончиво,evasively
мужественно,with fortitude
грамотно,"correctly, grammatically, competently"
ядовито,"venomously, maliciously"
ниоткуда,from nowhere
бегло,"fluently, superficially, cursorily"
втрое,three times
издавна,"long since, since olden times"
почитай,"almost, nigh on"
впустую,"for nothing, to no purpose, in vain"
рысью,at a trot
наизнанку,"inside out, on the wrong side"
типично,Typically
законно,"it is right, it is in accordance with the law, lawfully, legally"
чудно,"it is beautiful, wonderfully, beautifully, oddly, strangely"
проклятье,curse
наголо,bare
молчаливо,Silently
неуклонно,steadily
бессознательно,"unconsciously, instinctively"
трезво,"soberly, sensibly"
азартно,"recklessly, heatedly, excitedly"
неспроста,"not without purpose, with some hidden design"
смиренно,"humbly, with humility, meekly"
сыро,it is damp
живьём,alive
воедино,together
самолично,"oneself, by oneself"
туманно,"hazily, obscurely, vaguely; foggy"
беспечно,"light-heartedly, with complete unconcern"
соло,solo
порядочно,"fair amount, fairly, pretty, rather, decently, honestly"
свежо,"it is fresh, it is cool, it is chilly, fresh, coolly"
психически,mentally
беспрепятственно,"without difficulty, without hindrance, without obstruction, freely"
безвозвратно,"irretrievably, irrevocably"
беззаботно,"light-heartedly, carelessly"
повсеместно,everywhere
утвердительно,"affirmatively, in the affirmative"
невыгодно,"it is not advantageous, it does not pay, disadvantageously, not to advantage, at a loss"
натурально,"naturally, of course"
исподволь,"little by little, leisurely, gradually, by degrees"
зорко,"vigilantly, with a vigilant eye"
неминуемо,"inevitably, unavoidably"
стыдливо,"diffidently, bashfully, shyly"
наглядно,"by visual demonstration, visually, graphically, clearly"
насовсем,for keeps
сполна,"completely, in full"
умно,"it is wise, cleverly, wisely, sensibly"
всецело,"completely, entirely, wholly, exclusively"
поныне,"up to the present, until now, till now"
безмерно,"infinitely, beyond all measure"
наравне,"on a level, equally"
надвое,"in two, ambiguously"
благородно,nobly
подавно,"so much the more, all the more"
мокро,it is wet
поголовно,one and all
вслепую,"in the dark, blindly"
молниеносно,with lightning speed
безоговорочно,"unreservedly, without reserve, unconditionally"
наискосок,"obliquely, slantwise"
невмоготу,"unbearable, intolerable"
веско,with authority
безрезультатно,"without result, in vain, to no purpose"
немножечко,a wee bit
доверху,"up to the top, to the brim"
наземь,"to the ground, down"
вчетвером,four
итого,"in all, altogether, total"
накрест,crosswise
заживо,alive
опрометью,headlong
скупо,"stingily, sparingly"
восвояси,out of here
навек,"for ever, for good, for ever and ever"
вдвойне,"double, doubly, particularly, especially"
сдуру,"out of foolishness, foolishly"
невпопад,"not to the point, out of place, inopportunely"
чутко,"keenly, tactfully"
подло,vile
сгоряча,"in a fit of temper, in the heat of the moment, rashly"
покойно,quietly
зверски,"brutally, bestially, awfully, terribly"
попусту,"in vain, to no purpose"
накрепко,"fast, firmly, strictly"
кисло,"sourly, acidly"
покамест,Meanwhile
вчетверо,four times
нещадно,mercilessly
наискось,"obliquely, slantwise"
сообща,"together, jointly"
поверху,on top
преспокойно,"very quietly, imperturbably"
единогласно,unanimously
мудро,Wisely
дословно,literally
ввысь,high into the air
спросонья,half awake
наперевес,tilted forwards
воочию,Firsthand
плашмя,"flat, flatways, flatwise, prone"
напролёт,all the way
беспрекословно,"implicitly, unquestioningly, without demur"
поровну,equally
досадно,"it is a nuisance, it is a pity"
смачно,with relish
бесцельно,"aimlessly, pointlessly"
промеж,"between, among"
непомерно,excessively
дос,pill-box
вручную,by hand
давненько,for quite a while
благосклонно,"with favour, favourably"
вперемежку,"alternately, in turn, turn and turn about"
донельзя,"to the utmost, in the extreme"
преждевременно,prematurely
книзу,downwards
сродни,"akin, in relationship"
применительно,"conformably, in conformity, as applied"
вкупе,together
вволю,in plenty
умышленно,deliberately
заочно,"without seeing, by default, by correspondence"
напоказ,for show
досрочно,before the appointed time
внеземной,extraterrestrial
вровень,"flush, level"
степенно,gravely
исподтишка,"stealthily, in an underhand way"
трагически,tragically
позарез,urgently
раздельно,separately
навряд,"scarcely likely, hardly"
впервой,for the first time ever
систематически,"systematically, methodically"
спьяну,in a state of drunkenness
недурно,rather well
ежемесячно,"monthly, every month"
допоздна,till midnight
шестью,six times
досыта,to satiety; to satisfaction
однофамилец,"person bearing the same surname, namesake"
сокращённо,"briefly, in abbreviated form"
притворно,"affectedly, hypocritically"
доподлинно,for certain
интуитивно,"intuitively, by intuition"
радушно,cordially
детально,"in detail, minutely"
врассыпную,"in all directions, helter-skelter"
безукоризненно,impeccably
складно,well
страшновато,A bit scary
нечасто,not often
образно,"figuratively, graphically"
впрок,"for future use, to advantage"
стремглав,headlong
храбро,bravely
многовато,"a bit too much, a bit too thick"
уместно,"it is appropriate, it is not out of place, appropriately, aptly, in place, opportunely"
наповал,"outright, on the spot"
звучно,"loudly, sonorously"
наслышан,familiar by hearsay
начеку,"on the alert, on the look-out"
походя,"as one goes along, on the march, in passing, in an offhand manner"
наперекор,"in defiance of, counter"
предположительно,"supposedly, presumably, probably"
дотла,"utterly, completely, to the ground"
взаймы,"loan, on loan"
ошибочно,"by mistake, erroneously"
несравненно,"incomparably, matchlessly, peerlessly, far, by far"
томно,"languidly, languorously"
набекрень,"aslant, tilted"
свысока,in a haughty manner
шутя,"in jest, for fun, jokingly, facetiously, easily"
настрого,strictly
мудрено,"ingeniously, subtly"
невдомёк,unaware
единодушно,"unanimously, by common consent, as one man"
взаимно,"mutually, reciprocally"
безопасно,"it is safe, safely"
безупречно,"perfect, flawless, impeccable"
немудрено,"no wonder, small wonder"
грешно,it is a sin
безучастно,"apathetically, with indifference"
налегке,"without luggage, lightly clad"
подлинно,really
громогласно,"loud, in a loud voice, openly, publicly"
нежданно,unexpectedly
наименее,least
инкогнито,incognito
визгливо,shrilly
фурункул,"furuncle, boil"
попеременно,"in turn, by turns, alternately"
крадучись,stealthily
нимало,"not in the least, not at all"
трудновато,it is not easy
впопыхах,"in a hurry, hastily, hurry-scurry"
четырежды,four times
тактично,"tactfully, with tact"
вперемешку,"pell-mell, higgledy-piggledy, in a jumble"
стихийно,spontaneously
понемножку,"little, a little at a time, little by little"
наперегонки,"competing in speed, racing one another"
терпимо,"tolerantly, tolerably"
трусливо,apprehensively
вприпрыжку,"skipping, hopping"
письменно,"in writing, in written form"
томительно,it is wearisome
сносно,"tolerably, so-so, pretty well"
вкось,"obliquely, slantwise, aslant"
неоткуда,from nowhere
затемно,"before dawn, before daybreak, after dark"
бездарно,without any show of talent
понаслышке,by hearsay
наотмашь,with the back of your hand; over the top; overgesticularily
метко,"neatly, to the point"
изумительно,"amazingly, wonderfully"
прилежно,"diligently, industriously, assiduously, studiously"
десятью,ten times
заблаговременно,"in advance, early, in good time, ahead of time"
всесторонне,"comprehensively, thoroughly, closely, in detail, all around"
насилу,"with difficulty, hardly"
посмертно,posthumously
художественно,artistically
постольку,"in so far as, inasmuch as"
железно,without fail
ничегошеньки,"nothing at all, not a thing"
навеселе,one over the eight
безвозмездно,"gratis, free of charge"
врозь,"separately, apart"
произвольно,"at will, arbitrarily"
роскошно,"luxuriously, sumptuously"
ничтожно,"insignificant, miniscule, negligibly, pathetically"
порознь,"separately, apart"
голодно,hungry
включительно,inclusive
взаправду,"really, in truth, indeed"
сызнова,"anew, afresh"
прелестно,"lovely, adorably"
напропалую,"recklessly, desperately"
рьяно,"with zeal, zealously"
единожды,"once only, on one occasion only"
пополудни,"in the afternoon, post meridiem"
подчистую,without remainder
ужо,"later, by and by"
жирно,"fatly, greasily"
гадко,naughty
вольготно,in freedom
неплотно,"not closely, not tightly"
утомительно,"tiresomely, wearisomely"
помногу,in plenty
наружно,outwardly
устно,"orally, verbally, by word of mouth"
нетвёрдо,"not firmly, not for certain"
вразнобой,discordantly
безраздельно,"undividedly, completely, whole-heartedly"
дотоле,"until then, hitherto"
сказочно,dreamy; fabulously
спозаранку,very early
грациозно,gracefully
натощак,on an empty stomach
одинёшенек,quite alone
завидно,envy
второпях,"hastily, in haste, hurriedly"
невпроворот,"a lot, a great deal"
праздно,idly
засветло,"before nightfall, before dark"
взаперти,"locked up, under lock and key, in seclusion"
заслуженно,deservedly
вскачь,"at a gallop, full gallop"
абы,"provided that, as long as"
синхронно,synchronously
скользко,slippery
ежечасно,"hourly, every hour"
пропорционально,in proportion
сытно,well
невтерпёж,"unbearable, intolerable"
баста,stop; that' s enough
узко,"narrowly, tightly"
вширь,in breadth
односложно,monosyllabically
талантливо,"ably, finely"
вовек,"for ever, never"
всенародно,publicly
незаслуженно,"undeservedly, wrongly"
доколе,"until, as long as"
визави,"opposite, facing, vis-a-vis, the person facing"
полбеды,"half the trouble, a small loss"
нагишом,stark naked
коллективно,collectively
бэби,Baby
премного,"very much, extremely"
дивно,"marvellously, wonderfully"
пыльно,it is dusty
гибко,flexibly
спросонок,being only half-awake
десятеро,ten
броском,with one throw
впятером,five
попарно,in pairs
касательно,concerning
каре,square
наново,anew
вкривь,"aslant, wrongly, perversely"
впритык,"very close, just, barely"
средне,"middling, so-so"
брысь,scat
ветрено,"it is windy, frivolously"
намедни,"the other day, lately"
нескладно,"clumsily, awkwardly"
вчистую,finally
щекотно,it tickles
впроголодь,half-starving
видеозапись,videotape recording
шикарно,smartly
издревле,"of yore, from of old, since olden days"
урывками,"in snatches, by fits and starts"
вполовину,half
поимённо,by name
вразрез,"counter to, contrary to"
отвесно,"plumb, sheer"
планомерно,"systematically, regularly, according to plan"
насухо,dry
анфас,full face
наобум,at random
благотворно,beneficially
конфиденциально,"in confidence, confidentially"
предпочтительно,"rather, preferably, in preference"
организованно,in an organized way
благожелательно,"with kindness, favourably"
пугающе,scary
нестройно,"dissonantly, discordantly"
ориентировочно,"approximately, as a guide"
втуне,in vain
восьмеро,eight
понизу,"low, along the ground, close to the ground"
поздновато,too late
наудачу,on the off-chance
негосударственный,non-state
электронно,electronically
припеваючи,"like kings, dreamlike"
бордо,"claret, Bordeaux, wine-coloured"
навыворот,"inside out, wrong side out, the wrong way round"
метафорический,"metaphorical, figurative"
безвинно,"guiltlessly, without guilt"
оземь,"to the ground, down"
промтовары,manufactured goods
то,"that, then"
всё,"always, all the time, the whole time, still, only, all, all the same, however, nevertheless"
их,"their, them"
какой-то,"some, a, a kind of, something like"
что-то,"something, somehow, it looks as if"
больше,"bigger, larger, greater, more"
нужно,"it is necessary, must, one should, one ought, you should, you ought, should"
кто-то,somebody
рядом,"near, next to, side by side, beside, by, next, next door"
из-за,"because of, due to; from, from behind"
всё-таки,"for all that, still, nevertheless, all the same, however"
как-то,"somehow, one day, that is, how"
всего,"in all, only"
какой-нибудь,"some, some kind of, any, about"
необходимо,it is necessary
известно,it is known
дома,at home
что-нибудь,"anything, something"
почему-то,for some reason
где-то,"somewhere, anywhere"
лучше,"better, it is better"
когда-то,"once, formerly"
давай,let us
пожалуй,"perhaps, very likely, may, I think"
во-первых,"first, first of all, in the first place, for one thing, firstly"
лично,personally
из-под,from under; out of; from
кто-нибудь,"somebody, someone, anybody, anyone"
по-прежнему,"as before, as usual"
во-вторых,secondly
куда-то,"somewhere, anywhere"
похоже,probably; it seems
чего,what
жаль,it is a pity
неизвестно,it is not known
стыдно,it is a shame
кое-что,"something, a little"
когда-нибудь,"some time, some day, ever"
вернее,or rather
по-видимому,"apparently, to all appearance, evidently, obviously"
по-настоящему,"in the right way, properly; really"
словом,"in a nutshell, in a word"
угодно,"wanted, needed; any"
вот-вот,"just on the point, just about"
вообще-то,actually
по-русски,"in Russian, Russian"
наряду,alongside
эх,"eh, oh"
чуть-чуть,extremely a little bit
совместно,"in common, jointly, in conference"
где-нибудь,"somewhere, anywhere"
слабо,"faintly, feebly, weakly, bad, poorly"
следом,immediately
по-другому,differently
такой-то,"so-and-so, such person, such-and-such"
максимально,"at most, as much as possible"
что-либо,"anything, something"
торопливо,"hurriedly, hastily, in haste"
родные,"relatives, kin, loved ones"
по-разному,"differently, in different ways"
как-нибудь,"somehow, anyhow, some time"
откуда-то,from somewhere
тем,"the, so much the"
разом,"at the same time, together, at once, at one go"
дабы,"in order, in order that he, may"
старательно,"with application, with assiduity, studiously, assiduously, with diligence, diligently, zealously"
толком,"plainly, clearly, seriously, earnestly"
куда-нибудь,"somewhere, anywhere"
сё,this
ну-ка,"now, come on; well let's see"
бывало,would
в-третьих,"thirdly, in the third place"
кое-как,"muddle, sloppy, haphazardly, pell-mell, with difficulty"
временно,"temporarily, provisionally"
кое-кто,"somebody, some people"
так-то,so
коли,if
опять-таки,"but again, besides, and what is more, again"
неправильно,"wrong, irregularly, incorrectly, erroneously, mis-"
первое,first course
шёпотом,in a whisper
желательно,"it is advisable, it is useful (+infinitive or чтобы); one wants (+ dative of agent)"
даром,"for nothing, gratis, free, for next to nothing, for a trifle, for a song, in vain, to no purpose"
кое-где,here and there
по-английски,In English
машинально,"mechanically, absent-mindedly"
необыкновенно,"unusually, uncommonly"
давным-давно,"very long ago, long long ago, ages ago"
кто-либо,"somebody, someone, anybody, anyone"
пресс-служба,"Press office, press center"
бегом,"at a run, running, at the double, double-quick"
нетерпеливо,impatiently
военно-морской,naval
снисходительно,"indulgently, leniently, condescendingly"
туда-сюда,"hither and thither, it will do, it is passable, it will pass muster; back and forth"
ан,on the contrary
по-новому,in a new fashion
чудом,miraculously
блестяще,brilliantly
то-то,how
сколько-нибудь,any
генерал-майор,"major-general, Major-General"
вольно,"freely, at ease"
неудивительно,not surprisingly
как-никак,after all
безжалостно,merciless
когда-либо,"ever, some time, some day"
невыносимо,"unbearably, unsufferably"
сосредоточенно,with concentration
ну-ну,"well-well, there-there"
принято,"it is accepted, it is usual"
многозначительно,"significantly, with meaning"
просто-напросто,simply
слышь,say
удовлетворённо,with satisfaction
щас,right now
верхом,"astride, on horseback, to the brim, brim-full"
первоочередной,"first and foremost, immediate"
еле-еле,"hardly, barely"
более-менее,more or less
общественно-политический,social and political
угрожающе,"threateningly, menacingly"
криво,"crookedly, awry"
по-иному,"differently, in a different way"
нерешительно,irresolute
порой,"at times, now and then"
прямиком,straight
раньше,before
свято,piously
чего-то,something
бойко,smartly
браво,bravo
вдохновенно,"inspiredly, with enthusiasm, enthusiastically"
мало-помалу,"little by little, bit by bit, gradually, by slow degrees"
мигом,"in a flash, in a jiffy"
член-корреспондент,"corresponding member, Corresponding Member"
безропотно,without a murmur
бесцеремонно,"without ceremony, in a free and easy manner, with undue familiarity"
по-нашему,"as we think, in, according to, our opinion, to our way of thinking, as we would wish, as we would have it, as we advise, according to our custom"
трогательно,"it is touching, touchingly, movingly, pathetically"
здравствуйте,hello
увлечённо,"with enthusiasm, with animation"
допустим,let us assume
непринуждённо,"without embarrassment, unconstrainedly"
неизмеримо,immeasurably
разочарованно,"with disappointment, disappointedly"
агропромышленный,agroindustrial
мало-мальски,"in the slightest degree, to the slightest extent"
неистово,"furiously, violently"
по-моему,in my opinon
по-вашему,"in your opinion, as you would have it"
довольно-таки,"quite, somewhat"
здрасте,Short form of здравствуйте
в-четвёртых,"fourthly, in the fourth place"
навалом,"in bulk, a lot of"
положим,let us assume
порядком,"pretty, rather, a good deal, properly, thoroughly"
по-старому,"as before, as of old"
беспрестанно,"continually, incessantly"
вкрадчиво,"insinuatingly, ingratiatingly"
безмятежно,"serenely, quietly"
безнаказанно,with impunity
легкомысленно,"lightly, thoughtlessly, flippantly"
по-хозяйски,"thriftily, wisely"
философски,philosophically
великодушно,"it shows generosity, magnanimously, generously"
волей-неволей,"willy-nilly, like it or not"
госслужащий,public servant
особняком,by oneself
по-домашнему,"simply, without ceremony"
празднично,festively
беспорядочно,"in confusion, in disorder, higgledy-piggledy"
много-много,at most
услужливо,"helpfully, obligingly"
аккурат,"exactly, precisely"
авансом,in advance
авиабомба,aircraft bomb
авиапочтой,air mail
авторалли,motor rally
адски,"infernally, frightfully, terribly, awfully"
амба,kaput
анданте,andante
апостериори,a posteriori
априори,a priori
архилгун,archliar
баба-яга,Baba-Yaga
бакенбарды,"whiskers, sidewhiskers"
баттерфляй,butterfly stroke
баю-бай,lullaby
безалаберно,"in a disorderly manner, carelessly"
безбедно,comfortably
безвременно,prematurely
безвыездно,"without quitting, without break"
безвыходно,without going out
безгранично,infinitele
беззаветно,"selflessly, devotedly, whole-heartedly"
безобидно,inoffensively
безответственно,irresponsibly
безотказно,"smoothly, without a hitch"
безотлагательно,"urgently, without delay"
безотлучно,"absenting oneself for an instant, without going away for an instant"
безотносительно,irrelative
безрассудно,"rashly, recklessly"
безудержно,"without restraint, unrestrainedly, impetuously"
бенефис,benefit performance
беременная,pregnant
бесконтрольно,"uncontrolledly, without any control"
бесперебойно,"without interruption, regularly"
бесплодно,"in vain, vainly, unavailingly"
бесподобно,"it is excellent, excellently, splendidly"
беспорядки,disturbance
беспошлинно,"free of duty, duty-free"
беспременно,"without fail, certainly"
беспристрастно,"impartially, without bias"
беспричинно,"without cause, without motive, for no reason"
беспробудно,"without waking, heavily"
бессменно,"at a stretch, continuously, on end"
бессовестно,"it shows lack of scruple, unscrupulously, without scruple"
благовоспитанно,politely courteously
ближе,"nearer, closer, more intimate"
богаче,richer
боком,sideways
бочком,"sideways, sidewise"
брутто,gross
бултых,plop
буржуазно-демократический,bourgeois-democratic
театр-буфф,comedy
бухарка,Bokharan
быстродействующий,fast-acting
вагоновожатый,tram-driver
ввек,never
ввечеру,in the evening
ввосьмеро,eight times
ввосьмером,eight
вгорячах,in the heat of the moment
вдевятеро,nine times
вдевятером,nine
вдесятеро,ten times
вдесятером,ten
весной,in spring
весною,in spring
вечерело,night was falling
вечерком,in the evening
вечером,in the evening
вечор,"last night, yesternight"
видеотелефон,videotelephone
видеотелефонный,videotelephone
видимо-невидимо,"multitudes, huge numbers, in immense quantity"
визуально,by sight; visually
виндсерфинг,wind-surfing
винтом,spirally
вихрем,like the wind
вкруговую,round
влюблённо,"lovingly, amorously"
внове,"new, strange"
вовеки,"for ever, never"
водонепроницаемый,"watertight, waterproof"
возмутительно,"it is a scandal, it is scandalous, scandalously, outrageously"
волхвы,"the Magi, the Three Wise Men"
воровски,"thievishly, in an underhand way"
ворчливо,"peevishly, querulously"
восемью,eight times
восьмичасовой,"of eight hours, eight-hour"
вотще,in vain
вполнакала,"dimly, half-heartedly"
впопад,apropos
впритирку,very tightly
впросонках,"still half asleep, only half awake"
впятеро,five times
в-пятых,"fifthly, in the fifth place"
враждебно,"hostilely, with enmity, with animosity"
вразбивку,"at random, at haphazard"
вразброд,"separately, disunitedly, in disunity"
вразброс,separately
врастяжку,at full length
временами,"at times, now and then, now and again, from time to time"
врукопашную,hand to hand
всемерно,"to the utmost, in every possible way, in every way possible"
всемеро,"seven times, sevenfold"
всемером,seven
всплошную,in a solid mass
встарь,"in olden times, formerly, in olden days, of old"
всуе,in vain
всухую,without scoring a point
втёмную,"blindly, in the dark"
втридорога,triple the price
втройне,three times as much
вчерне,in the rough
ВЧК,All-Russian Special Commission for Combating Counter-revolution and Sabotage
вчуже,as an outsider
вшестеро,"six times, sixfold"
вшестером,six
въявь,in reality
выдуманный,"made-up, concocted, fabricated, invented"
выпукло,"in relief, vividly, graphically"
высокопарно,"grandiloquently, bombastically, in a high-flown manner"
вычурно,"pretentiously, artificially, in a bizarre manner"
галопом,at a gallop
гантели,dumb-bells
где-либо,"somewhere, anywhere"
герметически,hermetically
гермоперчатки,pressurized gloves
завод-гигант,giant factory
гидрографический,hydrographic
гипосульфит,"hyposulphite, hypo"
гипотермия,hypothermia
гласно,"publicly, openly"
глиссандо,glissando
глубокомысленно,"thoughtfully, with a thoughtful air, with a wise air, looking wise"
гнусаво,"nasally, with a nasal twang, through the nose"
годами,"for years, for years on end"
голословно,without adducing any proof
голышом,stark naked
горделиво,"haughtily, proudly"
горячее,first course
господа,"gentlemen, ladies and gentlemen, Messrs, the masters"
градом,thick and fast
грядёт,"is coming, is approaching, is drawing near"
гуманно,"humanely, with humanity"
гуртом,"wholesale, in a body, en masse"
гурьбой,in a crowd
дальше,"farther, further, then, any longer"
двойняшки,twins
двояко,in two ways
девятью,nine times
дельно,"efficiently, in business-like fashion, sensibly"
день-деньской,"the livelong day, all day long"
десятисложный,decasyllabic
де-факто,de facto
де-юре,de jure
диаметрально,diametrically
диафильм,film strip
дисквалификация,disqualification
дифтерит,diphtheria
днём,"in the day-time, by day, in the afternoon"
докуда,how far
долее,longer
дополна,brimful
досиня,"until blue, until livid"
досконально,thoroughly
досуха,dry
досюда,"up to here, as far as this"
дотемна,until it gets dark
дотуда,"up to there, up to that place"
дочерна,till is black
дочиста,"till is spotless, completely"
душевная,"shower-baths, showers"
единовременно,"once only, on one occasion only, in a lump"
ежеминутно,"every minute, every instant, continually, incessantly"
еженощно,nightly
ежесуточно,every day
по-женски,in a feminine way
забрезжило,it is just beginning to get light
завистливо,"with envy, enviously"
заглазно,"in absence, without seeing"
задёшево,very cheaply
задом,backward
задыхаясь,breathlessly
заездом,"passing through, in transit"
заимообразно,on credit
закономерно,"it is in order, it is as it should be, naturally, appropriately, as the natural result"
залпом,in one gulp
запальчиво,"passionately, heatedly"
заподлицо,flush
зараз,"at once, at a sitting, at one fell swoop, at one blow"
засахаренный,"candied, fruits"
засим,"hereafter, after this"
звуконепроницаемый,sound-proof
здраво,"reasonably, soundly, sensibly"
земляне,"inhabitants of the Earth, dwellers on the planet Earth"
зимой,in winter
идиосинкратический,idiosyncratic
инженер-электрик,electrical engineer
инженер-строитель,inşaat mühəndisi; Civil engineer
интенсификация,intensification
искони,from time immemorial
исподнизу,from underneath
исполу,half and half
исстари,from olden times
как-либо,somehow
каково,how
каракуль,astrakhan fur
келейно,"privately, in camera"
кое-когда,now and then
кое-куда,somewhere
коллегиально,"collectively, jointly"
кондитерская,sweet-shop
контрабандой,instrumental case singular of: контрабанда
кончая,ending with ...
краше,"more beautiful, finer, better"
крепко-накрепко,"very tightly, very firmly, doubly tight"
крест-накрест,"criss-cross, cross-wise"
кувырком,topsyturvy
куда-либо,"somewhere, anywhere"
Кузбасс,the Kuzbas
кукареку,cock-a-doodle-doo
кулисы,"wings, side-scenes, slips, coulisses"
курсы,courses
кустование,"interconnection, interconnecting"
ладушки,pat-a-cake
летом,in summer
лётчик-космонавт,space pilot
литография,"lithograph, lithography"
лук-порей,leek
любо,it is pleasant
любо-дорого,it is a real pleasure
маковые,"papaverous plants, Papaveraceae"
малоразвитой,"underdeveloped, half-educated"
маслоуловитель,"oil catcher, oil collector"
машинизированный,provided with machines
меблированный,furnished
медлительно,sluggishly
местами,here and there
метёт,there is a snow-storm
микрография,micrography
микрокалькулятор,microcalculator
микрофарада,microfarad
лётчик-миллионер,pilot who has flown over a million kilometres
мимоездом,in passing
миндалины,tonsil
многообъективный,"multilens, multiple-lens"
многоцилиндровый,multicylinder
множимое,multiplicand
моментами,now and then
мораториум,moratorium
морозно,it freezes
мотогонки,motor-cycle races
моторалли,motor-cycle rally
мультиплан,multiplane
набело,"clean, fair"
навыкат,bulging
на-гора,"to the surface, to the top"
назади,behind
назидательно,didactically
наипаче,"still more, in paticular"
пруды-накопители,catching basins
наперекосяк,"aslant, askew"
наперечёт,"all without exception, there are few, there are not many"
напрочно,"firmly, solidly"
натрое,in three
натуго,tightly
наудалую,recklessly
нахрапом,"all of a rush, high-handedly"
нацело,"entirely, without a remainder, with nothing left over"
начерно,roughly
нашармака,without paying
нашармачка,without paying
неблагополучно,"not happily, not favourably"
небогато,in a small way
небронированный,unarmoured
невидимкою,invisibly
неволей,"forcibly, by force"
негладко,"unevenly, not smoothly, not fluently"
недёшево,"at a considerable price, by spending much time, energy"
недоброжелательно,with ill-will
недостойно,"it is unworthy, unworthily, meanly"
нежирно,nothing to write home about
незаклеенный,unsealed
неизученный,"unstudied, obscure, unknown, unexplored"
нелегально,illegally
нелишне,it is not out of place
немалочисленный,rather numerous
немилосердно,unmercifully
немилостиво,"ungraciously, severely"
ненадобно,"not wanted, unwanted, not necessary, unnecessary"
ненамеренно,"unintentionally, unwittingly"
необдуманно,rashly
необусловленный,unstipulated
неодолимо,invincibly
неоколониалистский,neo-colonialist
неопрокидывающийся,non-capsizable
неорганизованно,"individually, each for himself, not organized"
неосведомлённый,"uninformed, ill-informed, unaware"
неослабно,"unremittingly, assiduously"
неотлучно,"continually, constantly, permanently"
неподобающе,"in an unseemly manner, improperly"
неполадки,"defects, fault, disagreement"
непоследовательный,"inconsistent, inconsequent"
непочтительно,disrespectfully
непредубеждённый,"unprejudiced, unbiased"
непредусмотрительный,improvident
непрестанно,incessantly
непростительно,"it is unforgivable, it is inexcusable, unpardonably"
непутём,badly
неравно,"what if, I should, you should"
несвязно,incoherently
несказанно,"unspeakably, ineffably"
нетоварищеский,"unfriendly, uncomradely, distant"
нетто,net
неуважительно,disrespectfully
неудовлетворительно,"unsatisfactorily, unsatisfactory"
неукрощённый,untamed
неурегулированный,"outstanding, not settled"
неусовершенствованный,"unimproved, not improved"
нефтеносный,"oil-bearing, petroliferous"
нецелесообразно,"to no purpose, inexpediently"
нешоссированный,unmetalled
низом,along the bottom
новобрачные,the newly-weds
школа-новостройка,newly-built school
номинально,nominally
ноты,music
обдуманно,"deliberately, after careful consideration"
обмороженный,frost-bitten
обок,"close by, near"
обособленно,"apart, aloof, by oneself"
обоюдно,mutually
обтрёпанный,"frayed, shabby"
общеизвестно,"it is generally known, everyone knows that"
общеупотребительный,"current, in general use"
общо,generally
овдовевший,widowed
овдовелый,widowed
огулом,"in a crowd, pell-mell, in a heap, wholesale"
одёр,old hack
одесную,"to the right, on the right hand"
одиножды,one times
слово-однодневка,nonce-word
озимые,winter crops
океанография,oceanography
оковы,"fetters, bondage"
околопестичный,perigynous
омерзительно,sickeningly
оптом,wholesale
оргтехника,"technical means and equipment for accounting, planning and analysis of operations"
орудия,ordnance
осенью,"in autumn, fall"
осквернительница,"defiler, profaner"
отварной,boiled
отвлекающий,counter-attracting
отколе,"whence, where from"
откуда-либо,from somewhere or other
откуда-нибудь,from somewhere or other
отроду,"never, as long as one lives"
отселе,hence
отступя,off
оттоле,"thence, from there"
офтальмолог,ophthalmologist
оцинкованный,zinc-coated
очистки,peelings
ощупью,"groping, fumblingly, by touch"
пагубно,"ruinously, perniciously, banefully"
пантомим,"pantomime, mime, dumb show"
парапсихология,parapsychology
паронепроницаемый,"steam-tight, steam-proof"
пасмурно,"it is cloudy, it is dull"
пацифизм,pacifism
пелёнки,"nappies, swaddling clothes"
пельмени,pelmeni
пентаметрический,"pentametric, pentameter"
перво-наперво,first of all
переборот,"overcome, subdue"
перевёртывать,"turn over, turn, overwind"
перевыборы,"election, re-election"
перегной,humus
перекаты,"shallows, peals, rolls"
переливы,"tints, tinges, play, modulations"
переплётная,bindery
перпендикулярно,perpendicularly
перфокарта,punched card
пианиссимо,pianissimo
пиано,piano
пиччикато,pizzicato
планёр-паритель,soaring glider
планета-спутник,satellite
платёжеспособный,solvent
плиссе,"accordion pleats, accordion-pleated"
плясовой,dance
побольше,"a little older, a little more"
по-братски,"fraternally, like a brother, like brothers"
повально,without exception
поварёшка,ladle
поверхностно,"superficially, perfunctorily, in a perfunctory manner"
по-весеннему,as in spring
повседневно,"daily, everyday"
повыше,"a little higher, a little taller, a little higher up"
подальше,"somewhat, a little, as far as possible; away, rather far off"
подделывательница,"falsifier, forger"
по-дедовски,as of old
подекадно,every ten days
подённо,by the day
подобру-поздорову,"in good time, with a whole skin, while you are still on one piece"
подробнее,at greater length
по-дружески,"in a friendly way, as a friend"
подтяжки,"braces, suspenders"
по-дурацки,"foolishly, like a fool"
по-зверски,"brutally, like a beast, bestially"
позволь,allow me
позже,later
по-зимнему,as in winter
поимённый,nominal
поквартально,"by the quarter, per quarter, every quarter"
полкило,half a kilogram
полагается,one is supposed
полегоньку,by easy stages
полегче,"lighter, a little easier, a little less difficult"
по-летнему,as in summer
ползком,"crawling, on all fours, on hands and knees"
поливитамины,polyvitamins
полиграфия,"polygraphy, printing trades"
полимеры,polymers
пол-литра,"half litre, half litre bottle"
полным-полно,full
полукопытный,subungulate
полупальто,short coat
получше,"a little better, rather better"
полушерстяной,half-woollen
полушутя,half in jest
полюбовно,amicably
по-людски,"as others do, in the accepted manner"
по-мальчишески,"in a boyish way, like a boy"
поменьше,"a little less, less"
помесячно,"by the month, per month, monthly"
помнится,I remember
по-над,"along, by"
понарошку,"for fun, pretending, in pretence"
понедельно,"by the week, per week, weekly"
пониже,"lower, shorter"
по-осеннему,as in autumn
попозже,later
пополуночи,"after midnight, ante meridiem"
по-приятельски,"as a friend, in a friendly manner"
попудно,by the pood
пораньше,"a bit earlier, as early as possible"
порожняком,"empty, without a load"
поротно,by companies
по-рыцарски,in a chivalrous manner
по-свойски,in a familiar way
поскорее,somewhat quicker
посменно,"in turn, by turns"
по-соседски,in a neighbourly way
посотенно,"by the hundred, by hundreds"
посредственно,"so-so, fair, satisfactory"
постановили,resolved
посуточно,by the day
посуху,on dry land
по-твоему,"in, according to, your opinion, to your way of thinking, as you wish, as you would have it, as you advise"
потруднее,more difficult
потупившись,with downcast eyes
поурочно,by the piece
похолодало,it has got colder
почему-либо,for some reason of other
почему-нибудь,for some reason of other
поштучно,by the piece
превратно,wrongly
прекрасное,the beautiful
прерывисто,in a broken way
престолонаследница,successor to the throne
преумножение,augmenting
привязанный,attached
призма-отражатель,reflecting prism
приметы,distinctive marks
примирительница,"reconciler, conciliator, peace-maker"
примиряюще,in a conciliatory way
принуждённый,"constrained, forced"
принципиальничать,be over-scrupulous
пристрастно,"with partiality, with prejudice"
присутствующие,those present
продуктивно,"productively, efficiently"
проездом,"in transit, passing through, in the course of a journey"
простёгивать,to quilt
противоипритный,anti-mustard-gas
противокислотный,acid-proof
противолихорадочный,antifebrile
противоснарядный,shell-proof
протоактиний,protoactinium
профанация,profanation
профтехучилище,"vocational training school, trade school"
проще,"simplest, easiest; simpler, easier"
прямёхонько,"straight, directly"
психоневропатологический,psychoneuropathologic
психоневропатология,psychoneuropathology
пунктуально,"punctually, on the dot"
пятинедельный,"of five weeks, five-week, five-week-old"
равноотстоящий,equidistant
рад-радёшенек,pleased as Punch
радужно,cheerfully
разведённый,"divorced, divorcee, divorce"
раздражительно,"with irritation, in irritation, in a temper, irritably"
размашисто,"boldly, in a sweeping manner"
разобщённо,"apart, separately"
разок-другой,once or twice
ракета-носитель,carrier rocket
рамки,limits
раскованно,"relaxedly, in a relaxed manner"
раскрепощённый,"emancipated, liberated"
распарывание,"ripping, unripping"
рассвело,it is already light
расчётливо,"prudently, economically, sparingly"
рационально,rationally
ре-диез,D sharp
рекогносцировочный,"reconnoitring, reconnaissance"
рекогносцировщик,reconnoitrer
рельефно,"in relief, boldly"
реснички,cilia
республиканство,republicanism
ретиво,zealously
родом,"by origin, by birth"
розно,"apart, separately"
розовато-белый,"pinky-white, pinkish-white"
сам-друг,"with one other, two, not alone but accompanied by another person, double, twice as much"
скатерть-самобранка,magic table-cloth
самодовольно,"complacently, smugly"
самолёт-торпедоносец,torpedo aircraft
самонадеянно,"conceitedly, presumptuously, perkily"
самоотверженно,selflessly
самотёком,by gravity
самотормозящийся,"self-braking, self-catching, self-stopping"
самоуверенно,"with self-confidence, with self-assurance"
сам-пят,"with four others, fivefold"
сам-сём,"with six others, sevenfold"
сам-третей,"with two others, three times as much"
сам-четвёрт,"with three others, fourfold"
сам-шёст,"with five others, sixfold"
саркастически,sarcastic
сверхурочно,overtime
глагол-связка,link-verb
сдельно,by the job
севернее,"to the north, northward, further north"
семью,seven times
силой,by force
силком,by force
сиротливо,lonely
скачками,"by leaps, by fits and starts"
склады,syllables
скопом,"in a crowd, all together, en masse"
скорее,"rather, sooner"
скорей,"rather, sooner"
скученно,"densely, in density, in congestion"
слабовато,rather badly
слащаво,all sugar and honey
слёзно,tearfully
слесарь-инструментальщик,look-maker
слитно,together
случаем,by any chance
совокупно,"jointly, in common"
согласованно,in concord
солидарно,jointly
сомнительно,it is doubtful
сослепа,due to poor sight
сослепу,due to poor sight
сохранно,safely
спортсмен-спелеолог,pot-holer
сплеча,"straight from shoulder, on the spur of the moment"
спроста,"artlessly, with an open heart, without reflection"
спутанно,"confusingly, in a confused way"
спьяна,in a state of drunkenness
сряду,running
стаккато,staccato
стенографический,"stenographic, shorthand"
стенография,"stenography, shorthand"
стереофонический,stereophonic
стоймя,upright
стократ,"a hundred times, hundredfold"
строго-настрого,very strictly
студент-медик,medical student
сызмала,"from ever since, from a since, from a child, since one was a child"
сырьём,raw
так-таки,really
там-сям,here and there
телеграмма-молния,express telegram
телекс,telex
телефильм,telefilm
телефотоаппарат,long-range camera
темнеет,it is getting dark
темным-темно,pitch-dark
угро-финский,Ugro-Finnic
удовлетворительно,"satisfactorily, satisfactory, fair"
уединённо,"solitarily, in solitude"
узникузница,prisoner
уменьшаемое,minuend
умеючи,"skilfully, with skill"
умнее,wiser
уморительно,"it is extremely funny, it makes one rock with laughter"
уранопластика,uranoplastics
урождённая,"nee, born"
успеется,"there is still time, there is no need to hurry"
устои,"foundations, basis"
утром,in the morning
ухабы,pits and bumps
бешенный,"mad, rabid, crazy"
по-гречески,speak in Greek
занозиться,to make trouble with smb; to have trouble with smb
трезвон,"peal, ringing, gossip, rumours, row, shindy"
знакомо,familiar
познавательно,Educational
извините,sorry!
школа-интернат,boarding school
несколькие,"several, some, a few"
ясненько,mmmokay
флексия,inflexion
берегись,"watch out, be careful"
окей,"okay, ok"
ФИО,last name first name patronymic
дано,"given, capable"
шеф-повар,"chef, head-cook"
вагон-холодильник,refrigerator van
позднее,later
четырёхголосный,four-part
пукнуть,fart
запускаться,start up
рискованно,risky
народый,"Popular, folk.; national"
выгорание,burnout
Топтыгин,Bruin
тренерша,"female trainer, female coach"
трёхгодичный,"three-year, triennial"
трёхдневный,"three-day, of three days"
трёхколёсный,three-wheeled
трёхцветный,"three-coloured, of three colours, tricolour, trichromatic"
обалденный,amazing
упёртый,stubborn
фанатичность,fanaticism
феерия,"play, ballet, based on a fairytale"
фартовый,"lucky, fine, smashing"
фарцовщица,"black-marketeer, spiv"
фаршировать,stuff
феминист,feminist
феминистский,feministic
ферментация,fermentation
ферментировать,ferment
фигово,sucks
фиксаж,"fixing solution, fixer"
фиксатор,"pawl, stop, latch, holder"
фиксатуар,"fixative, hair-grease"
фиксатив,fixative
филантропический,philanthropic
филантропия,philanthropy
фильтрат,filtrate
фильтровальный,filter
финишный,finishing
флегматик,phlegmatic person
флейтистка,flutist
фотографически,photographically
хуй,"dick, fuck, fucking"
холестерол,cholesterol
хором,"in chorus, all together"
хрящевой,"cartilaginous, gristly"
худо-бедно,"at the very least, the very smallest"
часом,"sometimes, at times, now and then, by chance"
человековедение,study of human nature
чревато,fraught with
шиворот-навыворот,"topsy-turvy, the wrong way round, upside-down"
шифрованный,"ciphered, written in cipher, cipher, code"
экологичный,eco-friendly
экранирование,"screening, shielding"
южнее,"to the south, southward, further south"
яичница-глазунья,fried eggs
апатитовый,Adjective of апатит
арьергардный,Adjective of арьергард
курдянка,Kurdish woman
человеконенавистник,"man-hater, hater of mankind, misanthrope"
языковедческий,linguistic
друг друга,each other
до свидания,bye (formal)
доброе утро,good morning
добрый день,good day
добрый вечер,good evening
потому что,because
кредитная карта,"credit card, CC"
все,everybody
на самом деле,"actually, as a matter of fact"
меня,genitive of I
вас,you; you
есть,"there is, there are"
это-то,"that is, that's, it's"
добро пожаловать,welcome!
с тех пор,since then
уж,really
тут,here; now
простите,"forgive me, excuse me, sorry"
зовут,to be called
экстремально,extreme
репчатый лук,garden onion
парами,two of ...
вничью,draw (sport)
начиная,"from ..., starting from ..."
экстренная контрацепция,the morning-after pill
специальное предложение,special offer
стыковочный рейс,connecting flight
указатель поворота,"turn indicator, turn signal"
отказано,denied
помедленнее,"slower, more slowly"
гетеросексуал,heterosexual
сверху донизу,from top to bottom
слоновая кость,ivory
приют для животных,animal shelter
приют для беженцев,refugee shelter
